Time,P1_sce3,P2_sce3,P3_sce3,H1_sce3,H2_sce3,H3_sce3,C1_sce3,C2_sce3,numHH_sce3,C_Emission_sce3,GDP_sce3,N_Emission_sce3,P1_sce4,P2_sce4,P3_sce4,H1_sce4,H2_sce4,H3_sce4,C1_sce4,C2_sce4,numHH_sce4,C_Emission_sce4,GDP_sce4,N_Emission_sce4
1960,3.085065109,13.94886397,1.034478065,3.842468031,0.438574662,3.490139986,3.086737404,1.333052647,30027.31018,9662167.322,97.73284205,1934808.043,3.085065109,13.94886397,1.034478065,3.842468031,0.438574662,3.490139986,3.086737404,1.333052647,30027.31018,9662167.322,97.73284205,1934808.043
1961,3.102808978,13.94159151,1.035309295,3.842468031,0.438415465,3.489796416,3.084485757,1.331957726,30564.31018,9990117.18,126.4430415,1962867.551,3.102808978,13.94159151,1.035309295,3.842468031,0.438415465,3.489796416,3.084485757,1.331957726,30564.31018,9990117.18,126.4430415,1962867.551
1962,3.121844842,13.93266644,1.036235502,3.842468031,0.438409252,3.489231408,3.082888244,1.330827062,31136.31018,10331548.42,174.5156787,1992322.261,3.121844842,13.93266644,1.036235502,3.842468031,0.438409252,3.489231408,3.082888244,1.330827062,31136.31018,10331548.42,174.5156787,1992322.261
1963,3.140881457,13.92384118,1.037188551,3.842468031,0.438334545,3.488814258,3.080972838,1.329603155,31708.31018,10672105.65,222.6953079,2021426.627,3.140881457,13.92384118,1.037188551,3.842468031,0.438334545,3.488814258,3.080972838,1.329603155,31708.31018,10672105.65,222.6953079,2021426.627
1964,3.159961301,13.91500139,1.038173206,3.842468031,0.438184601,3.488352777,3.078951792,1.328343609,32284.31018,11019373.15,259.6232707,2050451.401,3.159961301,13.91500139,1.038173206,3.842468031,0.438184601,3.488352777,3.078951792,1.328343609,32284.31018,11019373.15,259.6232707,2050451.401
1965,3.180689477,13.90524589,1.039110164,3.842468031,0.438244825,3.487954425,3.07661602,1.327150291,32908.31018,11390420.05,307.0569805,2081438.155,3.180689477,13.90524589,1.039110164,3.842468031,0.438244825,3.487954425,3.07661602,1.327150291,32908.31018,11390420.05,307.0569805,2081438.155
1966,3.201456544,13.89523048,1.040204952,3.842468031,0.438179869,3.487465842,3.074391965,1.325746861,33532.31018,11758983.82,359.5611053,2111988.233,3.201456544,13.89523048,1.040204952,3.842468031,0.438179869,3.487465842,3.074391965,1.325746861,33532.31018,11758983.82,359.5611053,2111988.233
1967,3.222266831,13.88509074,1.041302225,3.842468031,0.438038901,3.486957636,3.072104648,1.324352844,34160.31018,12134078.97,400.8240408,2142385.311,3.222266831,13.88509074,1.041302225,3.842468031,0.438038901,3.486957636,3.072104648,1.324352844,34160.31018,12134078.97,400.8240408,2142385.311
1968,3.24472543,13.8740198,1.042353546,3.842468031,0.438101146,3.486498768,3.069519593,1.323027658,34836.31018,12532541.99,452.5882443,2174577.589,3.24472543,13.8740198,1.042353546,3.842468031,0.438101146,3.486498768,3.069519593,1.323027658,34836.31018,12532541.99,452.5882443,2174577.589
1969,3.26722291,13.86266193,1.043560557,3.842468031,0.438040097,3.485940865,3.067063147,1.321501375,35512.31018,12928342.36,509.4245538,2206260.512,3.26722291,13.86266193,1.043560557,3.842468031,0.438040097,3.485940865,3.067063147,1.321501375,35512.31018,12928342.36,509.4245538,2206260.512
1970,3.290059413,13.85152257,1.04474697,3.842468031,0.43784406,3.485468984,3.064052985,1.319967358,36202.31018,13337732.57,551.0452323,2238188.454,3.290059413,13.85152257,1.04474697,3.842468031,0.43784406,3.485468984,3.064052985,1.319967358,36202.31018,13337732.57,551.0452323,2238188.454
1971,3.31428538,13.8387085,1.045992878,3.842468031,0.437934853,3.484747009,3.06163668,1.318471757,36930.31018,13761348.07,611.9397643,2271225.32,3.31428538,13.8387085,1.045992878,3.842468031,0.437934853,3.484747009,3.06163668,1.318471757,36930.31018,13761348.07,611.9397643,2271225.32
1972,3.33851323,13.82586884,1.047276851,3.842468031,0.437890579,3.48417418,3.059010379,1.316866701,37658.31018,14183531.82,673.1096432,2303694.389,3.33851323,13.82586884,1.047276851,3.842468031,0.437890579,3.48417418,3.059010379,1.316866701,37658.31018,14183531.82,673.1096432,2303694.389
1973,3.363610631,13.81284502,1.048574063,3.842468031,0.437860554,3.483432809,3.056031328,1.315297841,38416.31018,14628306.77,720.106026,2336994.396,3.363610631,13.81284502,1.048574063,3.842468031,0.437860554,3.483432809,3.056031328,1.315297841,38416.31018,14628306.77,720.106026,2336994.396
1974,3.389568868,13.79872103,1.04992206,3.842468031,0.437811517,3.482890593,3.053196467,1.313607465,39196.31018,15077542.74,785.6139647,2370521.238,3.389568868,13.79872103,1.04992206,3.842468031,0.437811517,3.482890593,3.053196467,1.313607465,39196.31018,15077542.74,785.6139647,2370521.238
1975,3.41552704,13.78455378,1.051346937,3.842468031,0.437739396,3.482137854,3.050331425,1.311877775,39976.31018,15525176.11,851.1014453,2403397.037,3.41552704,13.78455378,1.051346937,3.842468031,0.437739396,3.482137854,3.050331425,1.311877775,39976.31018,15525176.11,851.1014453,2403397.037
1976,3.442920481,13.76984009,1.052714724,3.842468031,0.437758387,3.481639471,3.04700395,1.31013783,40803.31018,16004716.86,903.8192865,2437640.246,3.442920481,13.76984009,1.052714724,3.842468031,0.437758387,3.481639471,3.04700395,1.31013783,40803.31018,16004716.86,903.8192865,2437640.246
1977,3.470609017,13.75430193,1.054250199,3.842468031,0.437652391,3.480654844,3.04404668,1.308357235,41635.31018,16478616.46,973.6531249,2471254.493,3.470609017,13.75430193,1.054250199,3.842468031,0.437652391,3.480654844,3.04404668,1.308357235,41635.31018,16478616.46,973.6531249,2471254.493
1978,3.49829746,13.73868075,1.055790699,3.842468031,0.437550586,3.47978056,3.04101098,1.306526376,42467.31018,16950692.83,1043.457317,2504128.005,3.49829746,13.73868075,1.055790699,3.842468031,0.437550586,3.47978056,3.04101098,1.306526376,42467.31018,16950692.83,1043.457317,2504128.005
1979,3.527554264,13.72233132,1.057265314,3.842468031,0.437544082,3.479107154,3.037566983,1.304728093,43350.31018,17456405.37,1100.830064,2538305.904,3.527554264,13.72233132,1.057265314,3.842468031,0.437544082,3.479107154,3.037566983,1.304728093,43350.31018,17456405.37,1100.830064,2538305.904
1980,3.556973029,13.7054201,1.058930091,3.842468031,0.437422743,3.478043659,3.034387559,1.302803787,44234.31018,17953935.57,1174.959067,2571587.751,3.556973029,13.7054201,1.058930091,3.842468031,0.437422743,3.478043659,3.034387559,1.302803787,44234.31018,17953935.57,1174.959067,2571587.751
1981,3.586391691,13.68833926,1.06058423,3.842468031,0.437308538,3.477058008,3.031170033,1.30087322,45118.31018,18449407.52,1249.065973,2604033.377,3.586391691,13.68833926,1.06058423,3.842468031,0.437308538,3.477058008,3.031170033,1.30087322,45118.31018,18449407.52,1249.065973,2604033.377
1982,3.615810247,13.67107972,1.062245332,3.842468031,0.437196714,3.476053883,3.027951147,1.298945987,46002.31018,18942821.24,1323.151603,2635642.786,3.615810247,13.67107972,1.062245332,3.842468031,0.437196714,3.476053883,3.027951147,1.298945987,46002.31018,18942821.24,1323.151603,2635642.786
1983,3.6452287,13.65363476,1.063912364,3.842468031,0.437083543,3.475031493,3.024736715,1.297023843,46886.31018,19434176.72,1397.217561,2666415.98,3.6452287,13.65363476,1.063912364,3.842468031,0.437083543,3.475031493,3.024736715,1.297023843,46886.31018,19434176.72,1397.217561,2666415.98
1984,3.674647048,13.63600483,1.065585602,3.842468031,0.436968068,3.473988468,3.021527929,1.295107305,47770.31018,19923473.97,1471.264258,2696352.96,3.674647048,13.63600483,1.065585602,3.842468031,0.436968068,3.473988468,3.021527929,1.295107305,47770.31018,19923473.97,1471.264258,2696352.96
1985,3.704065292,13.6181915,1.067265154,3.842468031,0.436849838,3.472924453,3.018324759,1.293196319,48654.31018,20410712.99,1545.291867,2725453.729,3.704065292,13.6181915,1.067265154,3.842468031,0.436849838,3.472924453,3.018324759,1.293196319,48654.31018,20410712.99,1545.291867,2725453.729
1986,3.733483431,13.60019651,1.0689511,3.842468031,0.436728576,3.471839413,3.015126871,1.291290744,49538.31018,20895893.79,1619.300498,2753718.289,3.733483431,13.60019651,1.0689511,3.842468031,0.436728576,3.471839413,3.015126871,1.291290744,49538.31018,20895893.79,1619.300498,2753718.289
1987,3.762877898,13.58201773,1.07064351,3.842468031,0.43664242,3.470733429,3.011939105,1.289390741,50419.31018,21372818.63,1702.859871,2780982.787,3.762877898,13.58201773,1.07064351,3.842468031,0.43664242,3.470733429,3.011939105,1.289390741,50419.31018,21372818.63,1702.859871,2780982.787
1988,3.79061788,13.56432152,1.072389559,3.842468031,0.436436446,3.469513683,3.009122999,1.287456211,51251.31018,21823491.5,1779.34353,2806002.813,3.79061788,13.56432152,1.072389559,3.842468031,0.436436446,3.469513683,3.009122999,1.287456211,51251.31018,21823491.5,1779.34353,2806002.813
1989,3.818305254,13.54673022,1.073991765,3.842468031,0.436311841,3.468449188,3.006089649,1.285680449,52083.31018,22274495.9,1848.949814,2830315.241,3.818305254,13.54673022,1.073991765,3.842468031,0.436311841,3.468449188,3.006089649,1.285680449,52083.31018,22274495.9,1848.949814,2830315.241
1990,3.843088693,13.53007219,1.075704395,3.842468031,0.436062605,3.466891793,3.004038905,1.283949513,52820.31018,22659032.66,2076.360047,2851018.637,3.843088693,13.53007219,1.075704395,3.842468031,0.436062605,3.466891793,3.004038905,1.283949513,52820.31018,22659032.66,2076.360047,2851018.637
1991,3.867314997,13.51468527,1.077102196,3.842468031,0.435989417,3.466186311,3.001277412,1.282310489,53547.31018,23048131.3,2268.739059,2871043.044,3.867314997,13.51468527,1.077102196,3.842468031,0.435989417,3.466186311,3.001277412,1.282310489,53547.31018,23048131.3,2268.739059,2871043.044
1992,3.889906289,13.49962154,1.078575596,3.842468031,0.435843233,3.465075578,2.999021224,1.280727649,54223.31018,23405971.34,2452.99768,2889122.432,3.889906289,13.49962154,1.078575596,3.842468031,0.435843233,3.465075578,2.999021224,1.280727649,54223.31018,23405971.34,2452.99768,2889122.432
1993,3.912402018,13.48475666,1.079891221,3.842468031,0.435749989,3.464211469,2.996530885,1.279282883,54899.31018,23767254.2,2629.339346,2906781.608,3.912402018,13.48475666,1.079891221,3.842468031,0.435749989,3.464211469,2.996530885,1.279282883,54899.31018,23767254.2,2629.339346,2906781.608
1994,3.934459951,13.46939648,1.08127123,3.842468031,0.435700185,3.46311723,2.99463897,1.277845841,55558.31018,24111572.56,2811.802672,2923416.931,3.934459951,13.46939648,1.08127123,3.842468031,0.435700185,3.46311723,2.99463897,1.277845841,55558.31018,24111572.56,2811.802672,2923416.931
1995,3.955225925,13.45545455,1.082559862,3.842468031,0.435526446,3.46229114,2.99205532,1.276422985,56182.31018,24442898.96,2974.646994,2938843.023,3.955225925,13.45545455,1.082559862,3.842468031,0.435526446,3.46229114,2.99205532,1.276422985,56182.31018,24442898.96,2974.646994,2938843.023
1996,3.975991052,13.44127293,1.08383765,3.842468031,0.435414114,3.461358155,2.989675198,1.27505565,56806.31018,24773212.5,3137.398694,2953852.805,3.975991052,13.44127293,1.08383765,3.842468031,0.435414114,3.461358155,2.989675198,1.27505565,56806.31018,24773212.5,3137.398694,2953852.805
1997,3.996756126,13.4269274,1.085105402,3.842468031,0.435308509,3.460444147,2.987321172,1.273702761,57430.31018,25102500.56,3300.145694,2968445.955,3.996756126,13.4269274,1.085105402,3.842468031,0.435308509,3.460444147,2.987321172,1.273702761,57430.31018,25102500.56,3300.145694,2968445.955
1998,4.017731609,13.41267309,1.086371745,3.842468031,0.435018208,3.459554886,2.984685913,1.272336334,58064.31018,25442600.28,3455.439468,2982954.485,4.017731609,13.41267309,1.086371745,3.842468031,0.435018208,3.459554886,2.984685913,1.272336334,58064.31018,25442600.28,3455.439468,2982954.485
1999,4.040220525,13.39718857,1.087656108,3.842468031,0.435084654,3.458564591,2.982181028,1.271005542,58740.31018,25797201.25,3631.150144,2997838.591,4.040220525,13.39718857,1.087656108,3.842468031,0.435084654,3.458564591,2.982181028,1.271005542,58740.31018,25797201.25,3631.150144,2997838.591
2000,4.062715846,13.38149886,1.089013246,3.842468031,0.43498848,3.457618644,2.979687055,1.26955685,59416.31018,26150442.23,3807.437587,3012230.509,4.062715846,13.38149886,1.089013246,3.842468031,0.43498848,3.457618644,2.979687055,1.26955685,59416.31018,26150442.23,3807.437587,3012230.509
2001,4.086247027,13.36563336,1.090403744,3.842468031,0.434834876,3.456521631,2.976794367,1.268103077,60127.31018,26527421.53,3982.200151,3026952.997,4.086247027,13.36563336,1.090403744,3.842468031,0.434834876,3.456521631,2.976794367,1.268103077,60127.31018,26527421.53,3982.200151,3026952.997
2002,4.110539094,13.34864629,1.091806077,3.842468031,0.434646759,3.455573985,2.974119939,1.266616759,60860.31018,26913454.41,4165.142889,3041544.517,4.110539094,13.34864629,1.091806077,3.842468031,0.434646759,3.455573985,2.974119939,1.266616759,60860.31018,26913454.41,4165.142889,3041544.517
2003,4.136466138,13.33092704,1.093256471,3.842468031,0.434615818,3.454500364,2.971113717,1.265108042,61640.31018,27317595.54,4366.092911,3056356.599,4.136466138,13.33092704,1.093256471,3.842468031,0.434615818,3.454500364,2.971113717,1.265108042,61640.31018,27317595.54,4366.092911,3056356.599
2004,4.163757369,13.31258613,1.094812976,3.842468031,0.434492358,3.453476734,2.967824261,1.263417078,62464.31018,27748479.07,4570.283487,3071393.14,4.163757369,13.31258613,1.094812976,3.842468031,0.434492358,3.453476734,2.967824261,1.263417078,62464.31018,27748479.07,4570.283487,3071393.14
2005,4.192745613,13.29299392,1.096452125,3.842468031,0.434330738,3.45224637,2.964478352,1.261713485,63339.31018,28203660.86,4787.779794,3086559.131,4.192745613,13.29299392,1.096452125,3.842468031,0.434330738,3.45224637,2.964478352,1.261713485,63339.31018,28203660.86,4787.779794,3086559.131
2006,4.223874244,13.27219039,1.098140476,3.842468031,0.433999932,3.451027209,2.960773543,1.25995425,64282.31018,28698044.04,5012.947467,3102091.938,4.223874244,13.27219039,1.098140476,3.842468031,0.433999932,3.451027209,2.960773543,1.25995425,64282.31018,28698044.04,5012.947467,3102091.938
2007,4.257547798,13.24963257,1.099999409,3.842468031,0.433963898,3.449356471,2.95709567,1.258147247,65298.31018,29220604.76,5266.605377,3117637.14,4.257547798,13.24963257,1.099999409,3.842468031,0.433963898,3.449356471,2.95709567,1.258147247,65298.31018,29220604.76,5266.605377,3117637.14
2008,4.294426536,13.22540944,1.10190417,3.842468031,0.433817308,3.448127715,2.952781258,1.256115713,66414.31018,29797401.84,5536.244016,3133543.861,4.294426536,13.22540944,1.10190417,3.842468031,0.433817308,3.448127715,2.952781258,1.256115713,66414.31018,29797401.84,5536.244016,3133543.861
2009,4.333397061,13.19929142,1.104139692,3.842468031,0.433494327,3.446182354,2.948799824,1.253908171,67589.31018,30393675.78,5831.910368,3148723.345,4.333397061,13.19929142,1.104139692,3.842468031,0.433494327,3.446182354,2.948799824,1.253908171,67589.31018,30393675.78,5831.910368,3148723.345
2010,4.375905256,13.17198715,1.106328056,3.842468031,0.43303495,3.444692313,2.943581591,1.251602086,68881.31018,31063733.6,6128.741664,3164039.577,4.375905256,13.17198715,1.106328056,3.842468031,0.43303495,3.444692313,2.943581591,1.251602086,68881.31018,31063733.6,6128.741664,3164039.577
2011,4.385113494,13.1477195,1.109719696,3.842468031,0.432280645,3.437570132,2.952025585,1.250223841,70402.31018,31757436.23,6737.6686,3226728.503,4.385113494,13.1477195,1.109719696,3.842468031,0.432280645,3.437570132,2.952025585,1.250223841,70402.31018,31757436.23,6737.6686,3226728.503
2012,4.38509273,13.14526435,1.110108909,3.842468031,0.432602216,3.440092164,2.949296462,1.248544623,71905.31018,32640021.55,7047.58923,3298207.075,4.38509273,13.14526435,1.110108909,3.842468031,0.432602216,3.440092164,2.949296462,1.248544623,71905.31018,32640021.55,7047.58923,3298207.075
2013,4.385072639,13.14076411,1.110436279,3.842468031,0.432660214,3.440098369,2.947780295,1.24811601,73361.31018,33494967.29,7348.028654,3367450.577,4.385072639,13.14076411,1.110436279,3.842468031,0.432660214,3.440098369,2.947780295,1.24811601,73361.31018,33494967.29,7348.028654,3367450.577
2014,4.385053045,13.13583202,1.110788482,3.842468031,0.432648982,3.439935431,2.94650607,1.247724775,74778.31018,34327065.67,7640.43326,3434840.382,4.385053045,13.13583202,1.110788482,3.842468031,0.432648982,3.439935431,2.94650607,1.247724775,74778.31018,34327065.67,7640.43326,3434840.382
2015,4.385033947,13.13069368,1.111148165,3.842468031,0.432627966,3.439741893,2.945231435,1.247339634,76159.31018,35138026.73,7925.408456,3500518.611,4.385033947,13.13069368,1.111148165,3.842468031,0.432627966,3.439741893,2.945231435,1.247339634,76159.31018,35138026.73,7925.408456,3500518.611
2016,4.385015364,13.12539702,1.111518943,3.842468031,0.432604353,3.43953709,2.943928662,1.246945156,77503.31018,35927260.86,8202.743954,3564437.662,4.385015364,13.12539702,1.111518943,3.842468031,0.432604353,3.43953709,2.943928662,1.246945156,77503.31018,35927260.86,8202.743954,3564437.662
2017,4.384997431,13.1199532,1.111900524,3.842468031,0.432579342,3.439324601,2.942594904,1.246540024,78803.31018,36690605.47,8470.997502,3626264.089,4.384997431,13.1199532,1.111900524,3.842468031,0.432579342,3.439324601,2.942594904,1.246540024,78803.31018,36690605.47,8470.997502,3626264.089
2018,4.384980085,13.11436966,1.112292454,3.842468031,0.432553011,3.439105406,2.94123024,1.246124392,80057.31018,37426997.85,8729.748577,3685903.889,4.384980085,13.11436966,1.112292454,3.842468031,0.432553011,3.439105406,2.94123024,1.246124392,80057.31018,37426997.85,8729.748577,3685903.889
2019,4.384963262,13.1086528,1.112694444,3.842468031,0.4325252,3.438879449,2.939835928,1.245698608,81273.31018,38141078.34,8980.65283,3743736.906,4.384963262,13.1086528,1.112694444,3.842468031,0.4325252,3.438879449,2.939835928,1.245698608,81273.31018,38141078.34,8980.65283,3743736.906
2020,4.384946964,13.10280834,1.113105955,3.842468031,0.43249596,3.438647178,2.938413299,1.245263242,82451.31018,38832846.83,9223.710427,3799763.118,4.384946964,13.10280834,1.113105955,3.842468031,0.43249596,3.438647178,2.938413299,1.245263242,82451.31018,38832846.83,9223.710427,3799763.118
2021,4.380913155,13.08801889,1.111759846,3.842468031,0.433047449,3.444663167,2.920241413,1.245134893,83590.31018,149595565.8,9129.415474,17742372.58,4.38090734,13.08745274,1.111794558,3.842468031,0.433028604,3.444637144,2.920107911,1.245090575,83693.31018,149791149.1,9150.261325,17764388.06
2022,4.380742522,13.05416793,1.11474472,3.842468031,0.432308343,3.440608921,2.912012397,1.242783477,84682.31018,154493333,9341.451619,18331306.44,4.380729952,13.05282667,1.114831337,3.842468031,0.432282968,3.440554464,2.911674506,1.242684581,84889.31018,154893986.6,9383.312466,18376429.54
2023,4.380570107,13.01895258,1.117249472,3.842468031,0.431954269,3.439156107,2.903081246,1.240158855,85732.31018,159431450.6,9544.576567,18926511.86,4.380550278,13.01675864,1.117394632,3.842468031,0.43192059,3.439071712,2.90251529,1.239997181,86048.31018,160054061.3,9608.447399,18996751.19
2024,4.380395671,12.98268381,1.119811303,3.842468031,0.431646853,3.437753073,2.893798781,1.237451632,86744.31018,164416867.1,9739.615338,19528707.96,4.38036811,12.97955284,1.120020973,3.842468031,0.431602414,3.437635584,2.892981845,1.237221019,87172.31018,165275097.6,9826.078536,19625709.17
2025,4.380219133,12.94530214,1.122455053,3.842468031,0.431298669,3.436316744,2.884228365,1.23465571,87720.31018,169452461.9,9926.9927,20138205.92,4.380183547,12.9411437,1.122736317,3.842468031,0.431239366,3.436161021,2.883139905,1.234349125,88262.31018,170558323.9,10036.43848,20263447.71
2026,4.380041064,12.90677962,1.125187067,3.842468031,0.430894852,3.434812864,2.874386079,1.231776592,88654.31018,174524572.6,10105.52066,20753456.11,4.379997539,12.90149947,1.125546526,3.842468031,0.430818293,3.434614316,2.873002106,1.23138767,89302.31018,175869954.5,10236.2867,20906118.03
2027,4.379865006,12.86750053,1.127983591,3.842468031,0.430444217,3.433254073,2.864366318,1.228846634,89490.31018,179513417.9,10263.88446,21360785.06,4.379809039,12.86060241,1.128453595,3.842468031,0.430331965,3.432990009,2.862568329,1.228336794,90307.31018,181239432.5,10428.65245,21557015.65
2028,4.379687648,12.82714792,1.130861563,3.842468031,0.429922346,3.431621573,2.854114857,1.22583905,90285.31018,184533060.8,10413.59995,21973119.16,4.379618694,12.81843056,1.13145893,3.842468031,0.429775703,3.431283177,2.851843553,1.225197562,91270.31018,186650618.5,10612.13711,22214308.89
2029,4.37950964,12.78565312,1.13382728,3.842468031,0.429332939,3.429911279,2.843614795,1.222755148,91029.31018,189559731.3,10552.66746,22587709.4,4.379427074,12.77496593,1.134563574,3.842468031,0.429145011,3.429492455,2.840832071,1.221969955,92184.31018,192086401.6,10785.33559,22876024.85
2030,4.379330954,12.7430107,1.136881312,3.842468031,0.428672684,3.428122989,2.832869349,1.219594869,91724.31018,194594601.7,10681.50081,23204650.96,4.37923701,12.73054235,1.137747281,3.842468031,0.428450226,3.427633088,2.829611042,1.218681856,93008.31018,197453100.9,10940.01185,23531393.02
2031,4.379151557,12.69921271,1.140023586,3.842468031,0.427938262,3.426255979,2.821883166,1.216359488,92372.31018,199639000.3,10800.51355,23824058.73,4.37904673,12.68500478,1.14101481,3.842468031,0.42766715,3.425688998,2.818183011,1.215319657,93777.31018,202821734.5,11083.21698,24188519.92
2032,4.378971409,12.654251,1.143253899,3.842468031,0.427126464,3.424310119,2.810661016,1.213050269,92975.31018,204694420.3,10910.1188,24446068.44,4.378855341,12.6381763,1.14437849,3.842468031,0.426799585,3.423658785,2.806495617,1.211877081,94502.31018,208214097.4,11217.19209,24849838.84
2033,4.378789526,12.60801709,1.146578242,3.842468031,0.426225139,3.422267142,2.79919497,1.209663073,93551.31018,209799720.3,11013.93815,25075146.05,4.3786633,12.59004406,1.147839214,3.842468031,0.425844576,3.421541804,2.794553239,1.208354206,95178.31018,213615778.9,11340.93746,25513669.93
2034,4.378603808,12.56009766,1.1500227,3.842468031,0.425232837,3.420148254,2.787375944,1.206163584,94123.31018,215009185.8,11116.6272,25717495.07,4.378470087,12.54059448,1.151396881,3.842468031,0.424798128,3.419338815,2.782360119,1.204752013,95810.31018,219035703.8,11455.44954,26180964.37
2035,4.378417694,12.51091904,1.153562294,3.842468031,0.424155237,3.41793618,2.775316878,1.202594094,94644.31018,220210877.2,11208.70053,26360196.33,4.378275577,12.48981226,1.155051743,3.842468031,0.423656603,3.417048212,2.769922792,1.201072038,96403.31018,224482866.4,11561.75771,26852751.74
2036,4.378230393,12.46048272,1.157193113,3.842468031,0.422985755,3.415643202,2.763032854,1.198951855,95129.31018,225437419.5,11293.20281,27007008.29,4.378079535,12.43768251,1.158802589,3.842468031,0.422417366,3.414673457,2.757245877,1.197315995,96961.31018,229964728.6,11660.67425,27529868.44
2037,4.378041741,12.40877479,1.160913721,3.842468031,0.421722255,3.413270607,2.750530272,1.195239848,95581.31018,230694015.2,11370.74478,27658508.58,4.377882599,12.38418368,1.162649814,3.842468031,0.421077324,3.412214296,2.744341454,1.19348464,97481.31018,235471355.2,11751.63058,28211182.1
2038,4.377852396,12.35577729,1.164724066,3.842468031,0.420361807,3.410820142,2.737820837,1.191458533,95997.31018,235970551.6,11440.75949,28313543.35,4.377684914,12.32930037,1.166591943,3.842468031,0.419636036,3.409674731,2.731212328,1.189579777,97955.31018,240980463.6,11832.97769,28894010.4
2039,4.377662498,12.30147726,1.168622519,3.842468031,0.41890495,3.408295721,2.724907257,1.187609819,96369.31018,241244362.2,11501.59722,28969379.91,4.37748536,12.27301919,1.17062875,3.842468031,0.41808997,3.407055962,2.717863137,1.185602579,98401.31018,246534819.9,11908.3622,29583315.17
2040,4.377470733,12.24586604,1.172608577,3.842468031,0.41734817,3.405699044,2.711793127,1.183694976,96717.31018,246564266.2,11557.30387,29631691.95,4.377284513,12.21531833,1.17475906,3.842468031,0.416436456,3.404363353,2.704304635,1.181553968,98817.31018,252127289.7,11977.41846,30278293.94
2041,4.377278576,12.18892013,1.176681369,3.842468031,0.415690091,3.403034421,2.698493539,1.179714747,97029.31018,251896337,11605.51146,30296560.97,4.377083116,12.15617695,1.178981527,3.842468031,0.414677144,3.401600947,2.690542925,1.177435445,99188.31018,257716392.4,12037.09268,30974021.38
2042,4.377085352,12.13062924,1.180838985,3.842468031,0.413931607,3.400307577,2.685007755,1.175670544,97306.31018,257241140.7,11646.3713,30963942.98,4.376879172,12.0955856,1.183295181,3.842468031,0.412807922,3.398773217,2.676579183,1.173247936,99541.31018,263371760.9,12092.82836,31678615.56
2043,4.376890184,12.07098162,1.18508032,3.842468031,0.412069448,3.397522517,2.671343634,1.171563714,97566.31018,262645162,11683.55111,31639319.88,4.376675186,12.03351153,1.187698974,3.842468031,0.410830006,3.395885633,2.662431969,1.168992062,99853.31018,269028473.8,12140.05785,32384537.2
2044,4.376695241,12.00995187,1.189403901,3.842468031,0.410106476,3.394686012,2.657511506,1.167394486,97779.31018,268023562.1,11711.00009,32312685.65,4.376468882,11.96994755,1.192190404,3.842468031,0.408742698,3.392946948,2.64809486,1.164668862,100142.3102,274734702.2,12182.33054,33097299.07
2045,4.376497337,11.9475387,1.193808276,3.842468031,0.408038405,3.391803718,2.643510212,1.163163784,97987.31018,273491902.8,11737.1786,32997609.31,4.376261616,11.90486779,1.196768768,3.842468031,0.406543987,3.389963142,2.633583967,1.160278317,100402.3102,280471046.1,12218.51555,33814706.07
2046,4.376300358,11.88370878,1.19829169,3.842468031,0.405869849,3.388883165,2.629356385,1.158872046,98143.31018,278914015.3,11752.64774,33678051.95,4.37605242,11.83825503,1.201431596,3.842468031,0.404236414,3.386942897,2.618897859,1.155821225,100636.3102,286244952.1,12249.15433,34537522.92
2047,4.376100015,11.81846589,1.202852116,3.842468031,0.403596404,3.385932893,2.615044227,1.154519542,98299.31018,284438560.4,11767.85303,34371500.08,4.375841293,11.77008809,1.206177592,3.842468031,0.401816775,3.3838951,2.604049196,1.151297167,100856.3102,292089146.3,12276.74257,35269711.96
2048,4.375892127,11.75178544,1.207486794,3.842468031,0.401216233,3.382965058,2.600559743,1.150105922,98495.31018,290189170.8,11790.75456,35092505.46,4.375621528,11.70035352,1.21100288,3.842468031,0.399283991,3.380835323,2.589006783,1.146705544,101116.3102,298169256,12311.93606,36030605.7
2049,4.375678544,11.68359925,1.212196247,3.842468031,0.398731693,3.379989701,2.585900929,1.145627237,98703.31018,296088308.4,11815.68934,35831922.24,4.375395054,11.62897474,1.215909082,3.842468031,0.396636782,3.377771192,2.573780082,1.142042469,101402.3102,304449543.9,12351.98897,36816167.19
2050,4.37545564,11.61385947,1.216981656,3.842468031,0.396136657,3.377013445,2.571055954,1.141080605,98963.31018,302265157,11850.66612,36605105.79,4.375160835,11.55589012,1.220896597,3.842468031,0.393875348,3.374712752,2.558357105,1.137304291,101714.3102,310937426,12396.81409,37627232.25
2051,4.375251326,11.54693377,1.221571476,3.842468031,0.393652432,3.374245104,2.556853662,1.136791922,98993.31018,307828746.6,11839.90355,37306721.42,4.374915936,11.480884,1.225974215,3.842468031,0.390982246,3.371645229,2.542718336,1.132481068,102088.3102,317753661,12453.58106,38478256.81
2052,4.375042648,11.47993139,1.226119791,3.842468031,0.391073637,3.371489343,2.542927134,1.132487025,99045.31018,313560819.1,11832.97338,38029268.01,4.374658099,11.4030415,1.231198535,3.842468031,0.387934197,3.368607855,2.526657445,1.127492928,102529.3102,324928937.1,12523.23767,39372828.69
2053,4.374825566,11.41159471,1.230712599,3.842468031,0.388410697,3.368795168,2.528856283,1.128125533,99142.31018,319544596,11834.70433,38782488.68,4.374390692,11.32312967,1.23651948,3.842468031,0.384760068,3.36559006,2.510352595,1.122419786,103006.3102,332374076.1,12599.61489,40300565.87
2054,4.374600925,11.34185339,1.235363206,3.842468031,0.3856564,3.366141408,2.514637527,1.123700074,99270.31018,325742870.5,11842.26177,39562005.61,4.374112218,11.24111841,1.241931419,3.842468031,0.38145466,3.362623931,2.493813004,1.117245885,103526.3102,340122463,12684.0238,41265450.62
2055,4.374367718,11.27063988,1.240074288,3.842468031,0.382808918,3.363531199,2.500262805,1.119206597,99435.31018,332183728.3,11856.80823,40371207.67,4.373822261,11.1569097,1.247435525,3.84E+00,0.378015954,3.359724395,2.477036365,1.111964439,104096.3102,348207990.3,12777.88486,42271691.75
2056,4.374124536,11.19788491,1.24484712,3.842468031,0.379863226,3.360976335,2.485718403,1.114639214,99643.31018,338897393,11879.47391,41213701.25,4.373520442,11.07040414,1.253032803,3.84E+00,0.374441647,3.356908807,2.460013701,1.106567737,104712.3102,356629523.3,12880.33617,43319203.28
2057,4.373876618,11.12349792,1.249684974,3.842468031,0.376822976,3.358481041,2.471022705,1.109992783,99851.31018,345740438.6,11901.76346,42072570.9,4.373210492,10.98148799,1.25872577,3.84E+00,0.37073278,3.354192163,2.442752807,1.101046966,105336.3102,365264331.4,12983.7952,44393438.24
2058,4.37362391,11.04743701,1.254588144,3.842468031,0.373686394,3.356055281,2.456176745,1.105263388,100059.3102,352715238.8,11923.67409,42948120.22,4.372893672,10.89007765,1.264515691,3.84E+00,0.366887454,3.351588516,2.425264827,1.09539567,105960.3102,374088186.2,13086.7083,45491611.52
2059,4.373366323,10.96966149,1.25955598,3.842468031,0.370453156,3.353710666,2.441182217,1.10044725,100267.3102,359824225.3,11945.19927,43840658.55,4.372569843,1.08E+01,1.270401228,3.84E+00,0.362905192,3.349119162,2.40755318,1.089606786,106584.3102,383104960.2,13189.06521,46614216.24
2060,4.373103769,10.89013001,1.264587751,3.842468031,0.367123011,3.351459682,2.426040848,1.095540176,100475.3102,367069872.9,11966.33235,44750500.81,4.37223883,10.69949666,1.276381088,3.84E+00,0.358785531,3.346806069,2.389622123,1.083672621,107210.3102,392325791.3,13291.26815,47762645.53
2061,4.372836157,10.80880026,1.269682704,3.842468031,0.363695753,3.349315386,2.410754633,1.090537619,100683.3102,374454700.8,11987.06659,45677967.58,4.371894001,10.60019049,1.282453174,3.84E+00,0.354520781,3.344676085,2.371450682,1.077583894,107886.3102,401938630.1,13402.73839,48959332.44
2062,4.372563126,10.72562899,1.27484006,3.842468031,0.360171116,3.347291418,2.395325861,1.085434674,100896.3102,382000178.7,12008.41173,46625698.02,4.371541198,10.49805723,1.288618401,3.84E+00,0.350117327,3.342751929,2.353056859,1.071329115,108562.3102,411763670.8,13513.57451,50182873.44
2063,4.372278142,10.64057704,1.2800583,3.842468031,0.356541324,3.345406237,2.379727846,1.080224816,101156.3102,389876792.8,12038.54941,47614011.42,4.371180542,10.39300854,1.294877218,3.84E+00,0.345573255,3.341056085,2.334450915,1.064897797,109238.3102,421805015.3,13623.79007,51433820.6
2064,4.371987438,10.55353781,1.285339683,3.842468031,0.352813116,3.343671602,2.363979515,1.074899904,101416.3102,397907694.8,12068.23385,48621858.77,4.370811873,10.28496244,1.301227955,3.84E+00,0.340889249,3.339615993,2.315640498,1.058279108,109914.3102,432067108.9,13733.37343,52712740.76
2065,4.371691027,10.46445551,1.290684988,3.842468031,0.348984398,3.342100689,2.348086221,1.069453318,101676.3102,406095691.4,12097.46905,49649606.81,4.370435027,10.17383469,1.307669023,3.84E+00,0.336066265,3.3384602,2.296634314,1.051461213,110590.3102,442554483.3,13842.31275,54020211.88
2066,4.371388804,10.37327944,1.29609329,3.842468031,0.34505551,3.340709914,2.332052087,1.063878525,101936.3102,414443724.6,12126.24722,50697630.32,4.370049838,10.05953848,1.314198752,3.84E+00,0.331105829,3.337618582,2.277442246,1.044431383,111266.3102,453271757.6,13950.59597,55356823.28
2067,4.371080659,10.27995781,1.30156372,3.842468031,0.341026863,3.339516377,2.315881634,1.058168398,102196.3102,422954789.1,12154.56047,51766310.93,4.369656137,9.941984392,1.320815365,3.84E+00,0.326010163,3.337122453,2.258075383,1.037175956,111942.3102,464223640.4,14058.21082,56723175.85
2068,4.370766484,10.18443747,1.307095383,3.842468031,0.336899104,3.338537819,2.299579985,1.052315349,102456.3102,431631934.1,12182.40075,52856037.26,4.369253751,9.821080289,1.327516936,3.84E+00,0.320782343,3.337004695,2.238546042,1.02968032,112618.3102,475414931.5,14165.14472,58119882.29
2069,4.370446167,10.08666378,1.312687349,3.842468031,0.332673182,3.337792682,2.28315287,1.046311312,102716.3102,440478263.6,12209.7599,53967205.03,4.368842504,9.696731367,1.33430132,3.84E+00,0.315426476,3.337299958,2.218867754,1.021928875,113294.3102,486850523.2,14271.38481,59547567.32
2070,4.370119593,9.986580646,1.318338636,3.842468031,0.328350399,3.33730015,2.266606652,1.040147736,102976.3102,449496937.4,12236.62962,55100217.17,4.368417092,9.568850026,1.341165175,3.84E+00,0.309941196,3.338047615,2.199037943,1.013904947,114007.3102,498699767.4,14384.17944,61026736.34
2071,4.369786647,9.884130472,1.324048195,3.842468031,0.323932485,3.337080209,2.249948338,1.033815568,103236.3102,458691172.5,12263.00143,56255483.99,4.367979293,9.437295269,1.348108081,3.84E+00,0.304334833,3.33928678,2.179065555,1.005586727,114735.3102,510877908.4,14499.1035,62547119.58
2072,4.369447211,9.779254124,1.32981488,3.842468031,0.319421672,3.337153733,2.233185574,1.027305242,103496.3102,468064243.9,12288.8667,57433423.28,4.367531786,9.301927812,1.355128143,3.84E+00,0.298618087,3.341058528,2.158980936,0.996955101,115463.3102,523323897.4,14613.26733,64101483.04
2073,4.369101165,9.671890952,1.335637407,3.842468031,0.314820784,3.337542603,2.216326623,1.020606667,103756.3102,477619485.2,12314.21657,58634460.47,4.367074372,9.162639758,1.362221439,3.84E+00,0.292801026,3.343408897,2.138800877,0.987989485,116191.3102,536043229.2,14726.65586,65690529.3
2074,4.368748387,9.561978828,1.341514306,3.842468031,0.310133336,3.338269865,2.199380308,1.013709202,104016.3102,487360290.6,12339.04198,59859028.76,4.366606852,9.019322538,1.369382376,3.84E+00,0.286896599,3.346389603,2.118541974,0.978667978,116919.3102,549041504.8,14839.25284,67314974.83
2075,4.368388752,9.449454209,1.347443853,3.842468031,0.305363644,3.339359948,2.18235592,1.006601632,104276.3102,497290114.8,12363.3336,61107569.24,4.366129021,8.871867156,1.376603801,3.84E+00,0.280920428,3.350058628,2.098219647,0.96896689,117647.3102,562324433.6,14951.04109,68975550.21
2076,4.368022135,9.334252266,1.35342398,3.842468031,0.300516947,3.340838935,2.165263091,0.999272131,104536.3102,507412474.9,12387.08178,62380531.06,4.365633751,8.718784609,1.383955697,3.84E+00,0.274831118,3.354439416,2.077670682,0.958755626,118419.3102,576114827.9,15070.36131,70699354.12
2077,4.367648405,9.216307063,1.35945217,3.842468031,0.295599534,3.342734925,2.148111592,0.9917082,104796.3102,517730951.4,12410.27654,63678371.59,4.365125411,8.560299801,1.391382586,3.84E+00,0.268675792,3.359773932,2.056943828,0.94804563,119199.3102,590250266.2,15190.4923,72466650.98
2078,4.367267434,9.095551805,1.365525319,3.842468031,0.290618885,3.345078485,2.130911076,0.983896593,105056.3102,528249189,12432.90746,65001556.52,4.364604147,8.397191586,1.398833979,3.84E+00,0.262513039,3.366064112,2.036167678,0.936854982,119992.3102,604763166,15312.30158,74281590.67
2079,4.366879087,8.971919188,1.371639576,3.842468031,0.285583814,3.34790321,2.113670723,0.975823202,105316.3102,538970897.7,12454.96364,66350560.04,4.364063537,8.229384824,1.406290568,3.84E+00,0.256363328,3.373415538,2.01530904,0.925142228,120824.3102,619800507,15440.64261,76161910.76
2080,4.366483228,8.845341833,1.377790148,3.842468031,0.280504613,3.351246413,2.096398789,0.967472899,105576.3102,549899854.4,12476.43364,67725865.02,4.363510827,8.056712859,1.413731465,3.84E+00,0.250271195,3.3819563,1.994378202,0.912857309,121656.3102,635171900.8,15568.00854,78084669.56
2081,4.36607972,8.71575284,1.383971073,3.842468031,0.275393196,3.355149961,2.079102028,0.95882932,105836.3102,561039903.8,12497.30538,69127963.1,4.362945786,7.879082813,1.42112666,3.84E+00,0.244274641,3.391840833,1.973342894,0.899946372,122488.3102,650884235.8,15694.37644,80050751.3
2082,4.365668422,8.583086465,1.390174972,3.842468031,0.270263223,3.359661248,2.061784959,0.94987458,106096.3102,572394959.4,12517.56609,70557354.92,4.362368162,7.696423713,1.428439991,3.84E+00,0.238415567,3.403250303,1.952149294,0.886343482,123320.3102,666944539.9,15819.71992,82061057.92
2083,4.365249192,8.447278904,1.396392764,3.842468031,0.265130214,3.364834332,2.044448982,0.940588886,106356.3102,583969005.2,12537.20226,72014550.25,4.361777699,7.508677794,1.435629762,3.84E+00,0.232737781,3.416395085,1.930718057,0.871968166,124152.3102,683359978.1,15944.01453,84116509.34
2084,4.364821884,8.30826918,1.402613382,3.842468031,0.260011608,3.370731204,2.027091291,0.930950045,106616.3102,595766096.5,12556.19962,73500068.16,4.361174139,7.315797764,1.442649765,3.84E+00,0.227284966,3.431515552,1.908939152,0.856721768,124984.3102,700137854.4,16067.24088,86218043.79
2085,4.364386349,8.166000093,1.408823485,3.842468031,0.254926782,3.377423167,2.009703589,0.92093283,106876.3102,607790361.2,12574.5432,75014437.17,4.360557214,7.117739513,1.449451555,3.84E+00,0.222097649,3.448879803,1.886667358,0.840483535,125816.3102,717285615.1,16189.38956,88366618.15
2086,4.363942439,8.020419142,1.415007208,3.842468031,0.249896977,3.38499226,1.992270597,0.9105082,107136.3102,620046001.3,12592.21749,76558195.48,4.359920239,6.914459268,1.455987172,3.84E+00,0.217199577,3.46878085,1.863700559,0.823106605,126683.3102,735015800.7,16317.20972,90588316.28
2087,4.363481574,7.871490509,1.421145118,3.842468031,0.244932963,3.393535583,1.97474127,0.899642105,107440.3102,632799609.5,12617.65049,78164005.29,4.359260939,6.705256338,1.46226635,3.84E+00,0.212579978,3.491423877,1.839761459,0.804381365,127589.3102,753371726,16451.1473,92888439.67
2088,4.363009181,7.719098896,1.427221248,3.842468031,0.240064077,3.403156714,1.957084317,0.88828826,107752.3102,645851997,12643.8036,79807435.15,4.358579684,6.488231496,1.468281364,3.84E+00,0.208244056,3.51751508,1.814340328,0.783876481,128525.3102,772319804.6,16589.85732,95262897.77
2089,4.362527545,7.563165631,1.43321126,3.842468031,0.235319592,3.413985189,1.939264865,0.876398418,108064.3102,659159899.2,12669.20783,81483335.97,4.357883153,6.264829079,1.473953883,3.84E+00,0.204197393,3.54721449,1.787421705,0.761532051,129461.3102,791691238.4,16727.77851,97691247.29
2090,4.362036492,7.403653983,1.43908906,3.842468031,0.230724669,3.426159111,1.921221659,0.863916127,108376.3102,672728109.6,12693.85104,83192322.54,4.357171034,6.034775993,1.479346081,3.84E+00,0.200366285,3.580592658,1.758712435,0.737078327,130397.3102,811494790.8,16865.06927,100174617.5
2091,4.36153585,7.240531679,1.444826698,3.842468031,0.226303898,3.439831406,1.902876122,0.850774439,108688.3102,686561508.3,12717.72466,84935020.98,4.35644301,5.797150581,1.484568443,3.84E+00,0.196621706,3.61771545,1.727933774,0.710204605,131333.3102,831739396.9,17002.09487,102714160.4
2092,4.36102544,7.073763748,1.45039614,3.842468031,0.22207926,3.455167256,1.884131389,0.836894317,109000.3102,700665064.2,12740.82703,86712069.04,4.355698759,5.550444739,1.48981361,3.84E+00,0.192773546,3.658489225,1.694863994,0.680573494,132269.3102,852434166.4,17139.41171,105311051
2093,4.360505082,6.903304386,1.455771267,3.842468031,0.218068055,3.472340498,1.864871433,0.822183081,109312.3102,715043836.2,12763.16701,88524116.23,4.354928359,5.292311829,1.4953788,3.84E+00,0.188556387,3.70261741,1.659344474,0.647820786,133250.3102,873885955.8,17286.39994,108003091.9
2094,4.359974592,6.729084566,1.460930662,3.842468031,0.214280247,3.491527883,1.844961383,0.806533124,109624.3102,729702974.5,12784.76883,90371824.1,4.354138141,5.019024839,1.501709037,3.84E+00,0.183674752,3.749533218,1.621371481,0.611537734,134238.3102,895865331,17436.93307,110762043.5
2095,4.359433783,6.550993973,1.465861262,3.842468031,0.210715215,3.512900937,1.824249479,0.789821027,109936.3102,744647723,12805.67846,92255866.41,4.353328494,4.724592819,1.509450284,3.84E+00,0.177779949,3.798360821,1.581055023,0.571216686,135237.3102,918410022.7,17593.59503,113592836
2096,4.358882465,6.368855565,1.470562928,3.842468031,0.207357953,3.536615296,1.802571171,0.771907267,110248.3102,759883420.3,12825.97183,94176929.4,4.352489785,4.396797766,1.519761591,3.84E+00,0.170419053,3.847801152,1.538227687,0.525850315,136277.3102,941745872.5,17765.17953,116523084.1
2097,4.358320444,6.182390709,1.475053926,3.842468031,0.204174882,3.562797654,1.779755773,0.752636547,110560.3102,775415501.7,12845.76537,96135712.02,4.351632189,4.019254175,1.534162301,3.84E+00,0.161272645,3.896112737,1.49317259,0.474282046,137317.3102,965605717.1,17950.28922,119520180.6
2098,4.357747522,5.991172131,1.479377264,3.842468031,0.201109649,3.591530806,1.755635829,0.731838664,110872.3102,791249500.7,12865.22965,98132926.14,4.350755357,3.555446094,1.556211977,3.84E+00,0.149792299,3.938160529,1.4457479,0.414382591,138357.3102,990000416.5,18161.00001,122585533.5
2099,4.357163501,5.794560673,1.483607842,3.842468031,0.198079479,3.622837656,1.730058892,0.709329462,111184.3102,807391051.1,12884.60725,100169296.8,4.349850833,2.902754688,1.59580796,3.84E+00,0.134807246,3.95920805,1.394345399,0.34087161,139432.3102,1015197381,18438.09681,125752262.1
2100,4.356568174,5.591619193,1.487860558,3.842468031,0.194972837,3.656665281,1.702900657,0.684910947,111496.3102,823845888.4,12904.23731,102245562.4,4.348920493,1.567516029,1.702334313,3.84E+00,0.111845813,3.874141933,1.331818732,0.23769176,140524.3102,1041088926,18941.36977,129006990.7
2101,4.355961336,5.380991418,1.492299978,3.842468031,0.191649232,3.692870016,1.674077473,0.658368838,111808.3102,840619851.7,12924.59106,104362475.2,4.347611031,0,1.847006735,1.37E+00,0.225441362,3.79808563,0.401234898,0.119793285,141616.3102,1075124408,18643.85251,131911704.3
2102,4.355342774,5.160721646,1.497153376,3.842468031,0.1879417,3.731203465,1.64355512,0.629464643,112120.3102,857718885.8,12946.32706,106520801.2,4.34653349,0,1.836256939,8.17E-01,0.880670774,3.839677453,0.170287904,0.124288339,142743.3102,1104383783,18788.63951,135402611.2
2103,4.354712273,4.927965059,1.502731444,3.842468031,0.183661702,3.771296455,1.611349497,0.597917296,112432.3102,875149042.8,12970.384,108721320.6,4.345459609,0,1.849420637,4.88E-01,0.68999062,3.782827725,0.21447149,0.140500417,143887.3102,1133777597,18921.97979,138972110.8
2104,4.354069615,4.678477629,1.509466777,3.842468031,0.1786045,3.812630617,1.577513193,0.563365319,112744.3102,892916484.1,12998.14956,110964828.1,4.34438193,0,1.851749841,2.92E-01,0.750451233,3.769618563,0.195990945,0.143866734,145032.3102,1163436513,19001.94082,142613421.1
2105,4.353414578,4.405620528,1.51799476,3.842468031,0.172549879,3.854467811,1.542098423,0.525291184,113056.3102,911027482.4,13031.79587,113252133.1,4.343278204,0,1.853258313,1.75E-01,0.732927921,3.75997145,0.193467591,0.143764184,146228.3102,1193934323,19073.69305,146382846.9
2106,4.352746934,4.098170935,1.529343657,3.842468031,0.165246165,3.895647338,1.505076564,0.482865063,113368.3102,929488423.4,13075.02125,115584060.1,4.342156354,0,1.852328509,1.04E-01,0.740678616,3.759976707,0.186068856,0.140212073,147424.3102,1224971361,19126.90414,150234974.8
2107,4.352057765,3.734728156,1.545447118,3.842468031,0.156331607,3.933937651,1.46613968,0.434591091,113713.3102,948582779.3,13141.08698,117995811.5,4.341012001,0,1.8505777,6.25E-02,0.740407372,3.763214039,0.17988106,0.135027388,148630.3102,1256700620,19170.56565,154183579.3
2108,4.351348271,3.265785563,1.570864715,3.842468031,0.145143848,3.963485218,1.42426023,0.37738018,114077.3102,968214163.5,13243.73762,120475282.9,4.339830766,0,1.848190198,3.73E-02,0.742823969,3.768866534,0.172888276,0.128732066,149878.3102,1289455595,19211.03514,158266189.8
2109,4.350624913,2.531222748,1.621034449,3.842468031,0.129801786,3.960872687,1.376156248,0.303471239,114441.3102,988230820.1,13433.11471,123003916.7,4.338624518,0,1.845499681,2.23E-02,0.744431606,3.775646178,0.165868136,0.121820737,151126.3102,1322919027,19243.7207,162442126.8
2110,4.349887433,0.38667741,1.80936806,3.842468031,0.100979097,3.72409285,1.307395496,0.185732396,114805.3102,1008639999,14085.20361,125582650.7,4.337379351,0,1.842629948,1.34E-02,0.746201203,3.783055471,0.158567037,0.114522351,152418.3102,1357512963,19277.50073,166762296.9
2111,4.348759389,0,1.832848253,1.174835308,0.449215549,3.861560468,0.200012107,0.110687531,115169.3102,1037339537,13347.89992,127796608.7,4.3361028,0,1.839682173,7.99E-03,0.747842662,3.790679231,0.151066396,0.106995899,153718.3102,1392955575,19306.04134,171191182.5
2112,4.347913127,0,1.841851109,0.702558653,0.843951312,3.817910721,0.217017358,0.134542799,115533.3102,1060151889,13329.83947,130521854.9,4.33479113,0,1.836712709,4.78E-03,0.749324617,3.798248694,0.143365914,0.099331459,155042.3102,1429417716,19331.84617,175749772.2
2113,4.34707834,0,1.851149483,0.420134344,0.70645638,3.778722641,0.208965698,0.145345471,115897.3102,1082854683,13339.2287,133285912.5,4.333439321,0,1.833758359,2.86E-03,0.750626825,3.805608108,0.135366823,0.09155472,156394.3102,1466971597,19355.31917,180446541.4
2114,4.346244378,0,1.854970704,0.25124289,0.742767438,3.759889248,0.207339668,0.1509273,116261.3102,1105661961,13293.70581,136095379.8,4.332056314,0,1.830839917,1.71E-03,0.751867991,3.812695035,0.127184488,0.083739209,157751.3102,1505426094,19373.33852,185258227.4
2115,4.34540463,0,1.856248381,0.150244775,0.733360429,3.752024746,0.201726743,0.151067984,116625.3102,1128707611,13235.68369,138954699.6,4.330625034,0,1.827991773,1.02E-03,0.752730383,3.819359043,0.118785811,0.075936803,159155.3102,1545216113,19393.25446,190238239.5
2116,4.344554944,0,1.855788119,0.089847289,0.737888415,3.750939833,0.197159621,0.148702615,116989.3102,1152076645,13162.56425,141867006.5,4.329157025,0,1.825241644,6.11E-04,0.753398639,3.825440093,0.110148405,0.068196584,160574.3102,1586063550,19408.74012,195352684.3
2117,4.343692667,0,1.854413659,5.37E-02,0.738376271,3.753539112,0.192093082,0.144686876,117353.3102,1175824293,13080.98862,144834643.8,4.327641057,0,1.822636013,3.65E-04,0.753522232,3.830699318,0.101227882,0.060545024,162030.3102,1628221400,19422.60117,200632627.4
2118,4.342816062,0,1.852516174,3.21E-02,0.740268025,3.758164151,0.186963416,0.13979289,117717.3102,1199987663,12992.42232,147859479.8,4.326090569,0,1.820186472,2.18E-04,0.753447837,3.835118877,0.092054702,0.053043681,163486.3102,1671346304,19429.4354,206036018.1
2119,4.341923945,0,1.850338058,1.92E-02,0.741734517,3.763864852,0.181684303,0.134366614,118081.3102,1224592863,12898.47045,150943100.9,4.324492926,0,1.817941213,1.31E-04,0.752687028,3.83847538,0.082696382,0.04576855,164978.3102,1715834173,19435.64807,211612092.3
2120,4.341015471,0,1.848000398,1.15E-02,0.743357382,3.770149947,0.176274711,0.128620121,118445.3102,1249659346,12799.82733,154086929.9,4.322841927,0,1.815945025,7.81E-05,0.750965681,3.840505497,0.073053479,0.038784362,166515.3102,1761822941,19441.40009,217377974.1
2121,4.340089998,0,1.845577117,6.87E-03,0.74490263,3.776725479,0.17074446,0.122669798,118809.3102,1275202570,12696.95752,157292298.2,4.321142923,0,1.814259844,4.67E-05,0.748097131,3.840931597,0.063083575,0.032155315,168075.3102,1809122287,19442.67231,223310205.3
2122,4.339147006,0,1.843109066,4.11E-03,0.746433583,3.783426109,0.16509127,0.116584877,119173.3102,1301235614,12590.08687,160560489.9,4.319405127,0,1.812924684,2.79E-05,0.743857013,3.839591795,0.052908827,0.025980227,169635.3102,1857512146,19436.21703,229381934.2
2123,4.338186047,0,1.84062301,2.46E-03,0.747909042,3.790142328,0.15931992,0.110408972,119537.3102,1327770178,12479.33163,163892769.5,4.317614414,0,1.811998592,1.67E-05,0.73688341,3.836194562,0.042616226,0.020351901,171236.3102,1907471748,19429.07412,235653061.7
2124,4.337201781,0,1.838136653,1.47E-03,0.749317325,3.796800606,0.153428102,0.104171145,119917.3102,1354997621,12367.65189,167312882.9,4.315754445,0,1.811561455,9.99E-06,0.724651512,3.830335108,0.032204771,0.015339452,172900.3102,1959306559,19423.2007,242161044.3
2125,4.336182144,0,1.835661346,8.79E-04,0.750602439,3.803352571,0.147366692,0.097889409,120333.3102,1383173350,12258.2125,170852031.5,4.312331127,0,1.811632702,5.97E-06,0.706518718,3.821988524,0.021931,0.011009042,174564.3102,2.01E+09,19606.73791,248858152
2126,4.335142626,0,1.833210327,5.25E-04,0.751896657,3.80973349,0.14117076,0.091585692,120749.3102,1411903093,12144.75443,174461715.6,4.302416607,0,1.812245975,3.57E-06,0.680964983,3.811045232,0.01263042,0.007421192,176232.3102,2.07E+09,19955.1869,255874681.8
2127,4.334082858,0,1.83079506,3.14E-04,0.753059823,3.815891633,0.134856357,0.085276458,121165.3102,1441197666,12027.24122,178143303.2,4.286770571,0,1.813438437,2.14E-06,0.623195086,3.797377089,0.00559703,0.004614031,177991.3102,2.12E+09,20322.65934,263338482.7
2128,4.333002455,0,1.828424625,1.88E-04,0.754125938,3.821783297,0.12840983,0.078977064,121581.3102,1471067950,11905.60997,181898185.4,4.21679184,0,1.815170031,1.28E-06,0.580943747,3.781521493,0.00187726,0.0026285,179759.3102,2.19E+09,20692.44282,272388281.6
2129,4.331901033,0,1.826110878,1.12E-04,0.755064193,3.827352128,0.121835543,0.072706285,121997.3102,1501524942,11779.795,185727777.4,4.066104541,0,1.817318377,7.64E-07,0.559621767,3.764321867,0.000520103,0.001385864,181539.3102,2.25E+09,21065.37325,283838433
2130,4.3307782,0,1.823866449,6.72E-05,0.755857593,3.832537492,0.115128313,0.066484395,122413.3102,1532579791,11649.72677,189633519.9,3.82848375,0,1.819720262,4.57E-07,0.545381763,3.746721253,0,0.000683884,183374.3102,2.33E+09,21450.46562,298108054.3
2131,4.329633561,0,1.821706049,4.02E-05,0.756484432,3.837268717,0.10828632,0.060334948,122829.3102,1564243818,11515.33242,193616880.8,3.50041079,0,1.822146887,2.73E-07,0.533736452,3.729953206,0,0.000317838,185246.3102,2.41E+09,21844.00926,315477942.8
2132,4.328466715,0,1.819646506,2.40E-05,0.756914279,3.841464959,0.101306398,0.054284844,123245.3102,1596528533,11376.53819,197679355.3,3.081029353,0,1.824422057,1.63E-07,0.52257483,3.714930947,0,0,187149.3102,2.51E+09,22244.74969,336192905.9
2133,4.327277255,0,1.817707136,1.44E-05,0.757111005,3.845033482,0.094185102,0.048364915,123661.3102,1629445648,11233.26924,201822466.9,2.571263516,0,1.826506256,9.77E-08,0.511815407,3.701727349,0,0,189073.3102,2.61E+09,22650.56309,360451769.5
2134,4.326064767,0,1.815910035,8.59E-06,0.757025366,3.847868383,0.086919076,0.04261029,124077.3102,1663007079,11085.45085,206047768.4,1.9739161,0,1.82832047,5.84E-08,0.501277513,3.691002451,0,0,191054.3102,2.72E+09,23068.86211,388496109.9
2135,4.324828829,0,1.81428021,5.14E-06,0.756590344,3.849850059,0.07950492,0.037060523,124493.3102,1697224958,10933.00912,210356842,1.292425531,0,1.829790105,3.49E-08,0.490956586,3.683006456,0,0,193082.3102,2.84E+09,23497.45675,420472167.4
2136,4.323569014,0,1.812845554,3.07E-06,0.755711376,3.850845458,0.071939937,0.031759417,124909.3102,1732111638,10775.87216,214751300.5,0.530726268,0,1.830855349,2.09E-08,0.48084816,3.678160925,0,0,195110.3102,2.97E+09,23926.4216,456422364.3
2137,4.322284885,0,1.811636504,1.84E-06,0.754249528,3.850709942,0.064223104,0.026754287,125325.3102,1767679696,10613.97197,219232787.5,0,0,1.830837672,1.25E-08,0.470947858,3.666675443,0,0,197224.3102,3.14E+09,24362.93471,259460770
2138,4.320976,0,1.810685223,1.10E-06,0.751992665,3.849291415,0.056356965,0.022094481,125741.3102,1803941937,10447.24751,223802978.2,0,0,1.831309792,7.47E-09,0.461251396,3.663937177,0,0,199356.3102,4.95E+09,24882.34831,283864458.1
2139,4.319639561,0,1.810024275,6.57E-07,0.748599559,3.846437567,0.048351396,0.017828906,126165.3102,1841026602,10277.12281,228478143.7,0,0,1.831475655,4.47E-09,0.451754577,3.663148915,0,0,201523.3102,6.81E+09,25411.2845,309015470.2
2140,4.31825225,0,1.809683852,3.93E-07,0.743260167,3.84201233,0.040206501,0.0140013,126633.3102,1.88E+09,10109.17724,233327881.2,0,0,1.831662124,2.67E-09,0.44245329,3.66228397,0,0,203753.3102,8.73E+09,25955.67898,334981101.2
2141,4.316837681,0,1.809688992,2.35E-07,0.735150194,3.835895767,0.03194966,0.010646794,127101.3102,1.92E+09,9936.193264,238274946,0,0,1.831846333,1.60E-09,0.43334351,3.661399418,0,0,206022.3102,1.07E+10,26510.65484,361761745.4
2142,4.315006169,0,1.81005906,1.41E-07,0.723147577,3.828006158,0.023753411,0.007790305,127569.3102,1.96E+09,9850.675676,243329883.2,0,0,1.83205236,9.56E-10,0.424421293,3.660430476,0,0,208316.3102,1.27E+10,27073.41848,389370186.6
2143,4.30908793,0,1.810799926,8.41E-08,0.708976294,3.818339984,0.015944135,0.005439077,128037.3102,2.00E+09,9949.490383,248579762.2,0,0,1.832258624,5.71E-10,0.415682778,3.65943108,0,0,210693.3102,1.48E+10,27656.16153,417920468.8
2144,4.299665427,0,1.811902045,5.03E-08,0.68027631,3.807003847,0.009181408,0.003586086,128505.3102,2.04E+09,10048.3607,254019843.9,0,0,1.832482172,3.42E-10,0.407124182,3.658379248,0,0,213085.3102,1.70E+10,28244.88199,447356635.5
2145,4.286673956,0,1.813325263,3.01E-08,0.62153181,3.794265571,0.004118854,0.002196666,128973.3102,2.08E+09,10147.29017,259659243.8,0,0,1.832711722,2.04E-10,0.398741802,3.657257501,0,0,215547.3102,1.92E+10,28851.15595,477792315.3
2146,4.223373238,0,1.815018771,1.80E-08,0.587802132,3.780561762,0.001410692,0.001244104,129441.3102,2.13E+09,10246.60152,266670628.3,0,0,1.832947329,1.22E-10,0.390532008,3.656140546,0,0,218050.3102,2.15E+10,29469.11604,509229743.6
2147,4.097924391,0,1.816882659,1.07E-08,0.568950999,3.76657742,0.000412027,0.000661566,129909.3102,2.18E+09,10346.39277,275435423.9,0,0,1.833203539,7.31E-11,0.382491248,3.654902355,0,0,220598.3102,2.38E+10,30099.75533,541716639.8
2148,3.905645203,0,1.818779408,6.43E-09,0.555426039,3.753095769,0,0.00033354,130377.3102,2.24E+09,10446.70826,286177145.5,0,0,1.833457412,4.37E-11,0.374616041,3.653684371,0,0,223221.3102,2.63E+10,30749.49082,575344209.1
2149,3.643394682,0,1.820591773,3.84E-09,0.543780873,3.740835474,0,0.000160424,130818.3102,2.30E+09,10541.94871,299030514.7,0,0,1.833732755,2.61E-11,0.366902979,3.652386332,0,0,225873.3102,2.88E+10,31408.95022,610093406
2150,3.309893052,0,1.822134121,2.30E-09,0.532576249,3.730689774,0,0,131234.3102,2.36E+09,10632.52762,314148853.2,0,0,1.834012183,1.56E-11,0.359348722,3.651042078,0,0,228603.3102,3.14E+10,32088.52344,646090173.1
